"","days","hours","months","weeks","years"
"days",0.0152284263959391,0.050761421319797,0,0,0
"hours",0.0050761421319797,0,0.0304568527918782,0,0
"months",0.0050761421319797,0,0.263959390862944,0.0406091370558376,0.0355329949238579
"none",0.0355329949238579,0,0.142131979695431,0.0152284263959391,0.0050761421319797
"single sample",0,0.0304568527918782,0.0203045685279188,0.0152284263959391,0.0812182741116751
"weeks",0,0,0.0050761421319797,0.0101522842639594,0
"years",0.0609137055837563,0,0.0203045685279188,0.0152284263959391,0.0964467005076142
