"","days","hours","months","weeks","years"
"days",0.0152284263959391,0,0,0,0
"months",0.0101522842639594,0,0.213197969543147,0.0456852791878173,0.0355329949238579
"none",0.0558375634517767,0,0.0558375634517767,0.0050761421319797,0.065989847715736
"single sample",0,0,0.0152284263959391,0.0304568527918782,0
"weeks",0,0.0304568527918782,0.0101522842639594,0,0
"years",0.0406091370558376,0.050761421319797,0.187817258883249,0.0152284263959391,0.116751269035533
