"","days","hours","months","weeks","years"
"days",0.0152284263959391,0.0304568527918782,0,0,0
"months",0.0253807106598985,0,0.131979695431472,0.0456852791878173,0
"none",0.0050761421319797,0,0.142131979695431,0.0152284263959391,0.101522842639594
"single sample",0,0,0.0050761421319797,0.0152284263959391,0
"weeks",0,0,0.0050761421319797,0,0
"years",0.0761421319796954,0.050761421319797,0.197969543147208,0.0203045685279188,0.116751269035533
