"","<1 sq m",">1000 sq m","10-100 sq m","100-1000 sq m","Regional/Continental"
"<1 sq m",0,0.0188679245283019,0,0,0
">1000 sq m",0,0.358490566037736,0,0,0.169811320754717
"1-10 sq m",0.0188679245283019,0.0188679245283019,0,0,0.0377358490566038
"10-100 sq m",0,0.0377358490566038,0.0566037735849057,0.0188679245283019,0
"100-1000 sq m",0,0.0377358490566038,0,0,0.0377358490566038
"Regional/Continental",0,0.0188679245283019,0,0,0.132075471698113
"undefined",0,0,0,0,0.0377358490566038
