"","<1 sq m",">1000 sq m","10-100 sq m","100-1000 sq m","Regional/Continental"
"<1 sq m",0,0.0204081632653061,0,0,0
">1000 sq m",0,0.346938775510204,0,0,0.163265306122449
"1-10 sq m",0.0204081632653061,0.0204081632653061,0,0,0.0408163265306122
"10-100 sq m",0,0.0408163265306122,0.0612244897959184,0.0204081632653061,0
"100-1000 sq m",0,0.0408163265306122,0,0,0.0408163265306122
"Regional/Continental",0,0.0204081632653061,0,0,0.142857142857143
"undefined",0,0,0,0,0.0204081632653061
